{"login":{"path":"\/login","host":"","defaults":{"_controller":"AppBundle\\Controller\\DefaultController::loginAction"},"requirements":[],"options":{"compiler_class":"Symfony\\Component\\Routing\\RouteCompiler","expose":true},"schemes":[],"methods":[],"condition":""},"buy":{"path":"\/buy\/{product}\/{coupon}","host":"","defaults":{"_controller":"AppBundle\\Controller\\DefaultController::buyAction"},"requirements":[],"options":{"compiler_class":"Symfony\\Component\\Routing\\RouteCompiler","expose":true},"schemes":[],"methods":[],"condition":""},"buyConfirmation":{"path":"\/buyConfirmation\/{value}","host":"","defaults":{"_controller":"AppBundle\\Controller\\DefaultController::buyConfirmationAction"},"requirements":[],"options":{"compiler_class":"Symfony\\Component\\Routing\\RouteCompiler","expose":true},"schemes":[],"methods":[],"condition":""}}